Workbook

Sheet Capacidades
A1: Plano de capacidades
A2: Azul = valores para você ajustar (partes, sessões por semana, início). Semanas e prazo são calculados com as premissas da aba Premissas.
A4: Onda | B4: Capacidade | C4: Área | D4: Profundidade | E4: Partes estimadas | F4: Sessões por semana | G4: Início | H4: Semanas estimadas | I4: Prazo estimado | J4: Fonte principal | K4: Fontes complementares | L4: Pré-requisitos | M4: Por que nesta posição
A5: 1 | B5: Statistics for Data Science | C5: Profissional | D5: Profundo | E5: 50 | F5: 8 | G5: 46296 | H5: =ROUNDUP(E5*IF(D5="Profundo",Premissas!$B$4,Premissas!$B$5)/F5,0) | I5: =G5+H5*7 | J5: Book: Practical Statistics for Data Scientists, 2nd ed. (Bruce, Bruce & Gedeck) | K5: Book: OpenIntro Statistics, 4th ed. (Diez, Çetinkaya-Rundel & Barr), free at openintro.org | L5: — | M5: Base de toda análise e de ML; valor imediato nos seus relatórios.
A6: 1 | B6: Programming Logic and Python Libraries for Data Science | C6: Profissional | D6: Sólido | E6: 30 | F6: 5 | G6: 46296 | H6: =ROUNDUP(E6*IF(D6="Profundo",Premissas!$B$4,Premissas!$B$5)/F6,0) | I6: =G6+H6*7 | J6: Book: Fundamentals of Data Engineering (Reis & Housley) | K6: Book: Designing Data-Intensive Applications (Kleppmann); Book: The Data Warehouse Toolkit (Kimball & Ross); Book: A Philosophy of Software Design (Ousterhout); Book: How to Solve It (Pólya); Book: Data Pipelines Pocket Reference (Densmore); Book: Python Data Science Handbook (VanderPlas), free at jakevdp.github.io/PythonDataScienceHandbook; Site: c4model.com; Docs: Mermaid (mermaid.js.org) | L6: — | M6: Guiada por conceitos, não por um livro: a lista de conceitos (campo Foco) manda na ordem e os livros são referências por conceito. Pensar e desenhar antes de pedir código à IA é o que mais multiplica o resto.
A7: 1 | B7: SQL / Data Modeling | C7: Profissional | D7: Sólido | E7: 30 | F7: 4 | G7: 46296 | H7: =ROUNDUP(E7*IF(D7="Profundo",Premissas!$B$4,Premissas!$B$5)/F7,0) | I7: =G7+H7*7 | J7: Book: Learning SQL, 3rd ed. (Alan Beaulieu) | K7: Book: The Data Warehouse Toolkit, 3rd ed. (Kimball & Ross) | L7: — | M7: A linguagem dos dados em qualquer empresa cliente.
A8: 1 | B8: Git (Conceptual) | C8: Profissional | D8: Conceitual | E8: 12 | F8: 3 | G8: 46296 | H8: =ROUNDUP(E8*IF(D8="Profundo",Premissas!$B$4,Premissas!$B$5)/F8,0) | I8: =G8+H8*7 | J8: Book: Pro Git, 2nd ed. (Chacon & Straub), free at git-scm.com/book — chapters 1–3 and 10 | K8: — | L8: — | M8: Curta; base para versionar projetos e montar portfólio.
A9: 1 | B9: Prompt Engineering / Harness / Spec | C9: Profissional | D9: Sólido | E9: 25 | F9: 4 | G9: 46332 | H9: =ROUNDUP(E9*IF(D9="Profundo",Premissas!$B$4,Premissas!$B$5)/F9,0) | I9: =G9+H9*7 | J9: Repository: github.com/anthropics/prompt-eng-interactive-tutorial | K9: Article: Building effective agents (Anthropic); Docs: Anthropic documentation on prompting and agents | L9: Começa quando Git termina | M9: Multiplica o seu método de estudo com IA e já vira serviço.
A10: 2 | B10: Mathematics for Data Science | C10: Profissional | D10: Sólido | E10: 35 | F10: 6 | G10: 46391 | H10: =ROUNDUP(E10*IF(D10="Profundo",Premissas!$B$4,Premissas!$B$5)/F10,0) | I10: =G10+H10*7 | J10: Book: Mathematics for Machine Learning (Deisenroth, Faisal & Ong), free at mml-book.github.io | K10: Course: Essence of Linear Algebra (3Blue1Brown) | L10: Statistics for Data Science | M10: Destrava ML: álgebra linear, cálculo e otimização aplicados.
A11: 2 | B11: Advanced EDA | C11: Profissional | D11: Profundo | E11: 45 | F11: 8 | G11: 46391 | H11: =ROUNDUP(E11*IF(D11="Profundo",Premissas!$B$4,Premissas!$B$5)/F11,0) | I11: =G11+H11*7 | J11: Book: Feature Engineering and Selection (Kuhn & Johnson), free at feat.engineering | K11: Repository: github.com/jakevdp/PythonDataScienceHandbook; My own datasets | L11: Statistics; Python for Data Science | M11: Onde você gera valor mais rápido para um cliente.
A12: 2 | B12: Data Visualization | C12: Profissional | D12: Sólido | E12: 25 | F12: 4 | G12: 46391 | H12: =ROUNDUP(E12*IF(D12="Profundo",Premissas!$B$4,Premissas!$B$5)/F12,0) | I12: =G12+H12*7 | J12: Book: Fundamentals of Data Visualization (Claus Wilke), free at clauswilke.com/dataviz | K12: Docs: matplotlib and seaborn | L12: Python for Data Science | M12: Base para comunicar qualquer análise.
A13: 2 | B13: Data Storytelling | C13: Profissional | D13: Sólido | E13: 20 | F13: 6 | G13: 46447 | H13: =ROUNDUP(E13*IF(D13="Profundo",Premissas!$B$4,Premissas!$B$5)/F13,0) | I13: =G13+H13*7 | J13: Book: Storytelling with Data (Cole Nussbaumer Knaflic) | K13: Book: Storytelling with Data: Let's Practice! (Knaflic) | L13: Data Visualization | M13: Explicar e vender o resultado é metade da consultoria.
A14: 3 | B14: AI Engineering | C14: Profissional | D14: Profundo | E14: 50 | F14: 9 | G14: 46482 | H14: =ROUNDUP(E14*IF(D14="Profundo",Premissas!$B$4,Premissas!$B$5)/F14,0) | I14: =G14+H14*7 | J14: Book: AI Engineering (Chip Huyen) | K14: Article: Building effective agents (Anthropic) | L14: Prompt Engineering / Harness / Spec; Python | M14: Aplicações com LLM: o serviço mais demandado agora.
A15: 3 | B15: Data Engineering and Governance | C15: Profissional | D15: Sólido | E15: 35 | F15: 7 | G15: 46482 | H15: =ROUNDUP(E15*IF(D15="Profundo",Premissas!$B$4,Premissas!$B$5)/F15,0) | I15: =G15+H15*7 | J15: Book: Fundamentals of Data Engineering (Reis & Housley) | K15: Repository: github.com/DataTalksClub/data-engineering-zoomcamp; Book: Data Governance: The Definitive Guide (Eryurek et al.) | L15: SQL / Data Modeling; Python | M15: Sem dados confiáveis nenhum projeto de cliente fica de pé.
A16: 3 | B16: Computer Science | C16: Profissional | D16: Conceitual | E16: 15 | F16: 4 | G16: 46482 | H16: =ROUNDUP(E16*IF(D16="Profundo",Premissas!$B$4,Premissas!$B$5)/F16,0) | I16: =G16+H16*7 | J16: Book: Grokking Algorithms, 2nd ed. (Aditya Bhargava) | K16: Course: CS50x (Harvard, free) | L16: Programming Logic | M16: Estruturas de dados e complexidade para código que escala.
... A18: 4 | B18: System Design | C18: Profissional | D18: Sólido | E18: 30 | F18: 6 | G18: 46573 | H18: =ROUNDUP(E18*IF(D18="Profundo",Premissas!$B$4,Premissas!$B$5)/F18,0) | I18: =G18+H18*7 | J18: Book: Designing Data-Intensive Applications (Martin Kleppmann) | K18: Repository: github.com/donnemartin/system-design-primer | L18: Data Engineering; AI Engineering | M18: Desenhar a solução inteira para o cliente.
A19: Contínua | B19: English | C19: Profissional | D19: Sólido | E19: 12 | F19: 1 | G19: 46296 | H19: 52 | I19: 46660 | J19: Book: English Grammar in Use (Raymond Murphy) — grammar topics only | K19: Tech talks (PyData, conferences); The sources of every other capability, all studied in English | L19: — | M19: Habilidade, não conceito: 12 marcos mensais (aba Inglês — marcos) + hábito diário no almoço + todas as capacidades estudadas em inglês (imersão diária).
A21: Fontes: sugestões em inglês (o estudo das capacidades é em inglês); troque à vontade. A primeira fonte é a que define a ordem das partes.

Sheet Premissas
A1: Premissas do planejamento
A3: Premissa | B3: Valor | C3: Observação
A4: Fator de folga — Profundo | B4: 1.5 | C4: Multiplica as partes para cobrir revisões espaçadas e mini-projetos.
A5: Fator de folga — Conceitual e Sólido | B5: 1.2 | C5: Multiplica as partes para cobrir revisões e imprevistos.
A6: Duração de uma sessão (minutos) | B6: 50 | C6: Uma parte = uma sessão de 45 a 60 minutos com IA.
A7: Sessões por semana disponíveis (estimativa) | B7: 22 | C7: 2 por noite útil (20h–22h30) × 5 dias + cerca de 6 por dia no fim de semana × 2. Horários informados por você; almoço e trajeto ficam para inglês, pré-leitura e revisões.
A8: Início da onda 1 | B8: 46296 | C8: Casa com a conquista "Último trimestre pegando fogo".
A10: Regras
A11: • Semanas estimadas = arredondar para cima (partes × fator de folga ÷ sessões por semana).
A12: • Prazo estimado = início + semanas × 7. É provisório: o prazo de verdade sai do botão "Usar este prazo" no app, depois de dividir em partes.
A13: • Não estude as 15 capacidades em paralelo: 1 profunda + 1 ou 2 sólidas + às vezes 1 curta por vez.
A14: • Quando uma capacidade termina antes, puxe a próxima da fila (a de menor onda ainda em espera).
A15: • Valores em azul são para você ajustar; as colunas calculadas se atualizam sozinhas.

Sheet Rotina semanal
A1: Rotina semanal (tempo livre)
A3: Momento | B3: Quando | C3: Duração | D3: O que fazer | E3: Como registrar no app
A4: Trajeto de ida | B4: Dias úteis | C4: ~30 min | D4: Pré-leitura da fonte da parte da noite (o capítulo/seção indicado em "Fonte" nas notas da parte). | E4: —
A5: Almoço, comendo | B5: Dias úteis | C5: ~20–30 min | D5: Listening em inglês: palestra técnica ou podcast. | E5: Tarefa diária "Listening em inglês"
A6: Almoço, resto do tempo | B6: Dias úteis | C6: ~15 min | D6: Speaking: resumir em voz alta o que ouviu, ou conversa por voz com IA. | E6: Tarefa diária "Speaking 10 min"
A7: Trajeto de volta | B7: Dias úteis | C7: ~30 min | D7: Revisões espaçadas do dia (prompt de revisão no celular). | E7: Revisão feita / Revisar de novo
A8: 20h00–20h50 | B8: Dias úteis | C8: 50 min | D8: Sessão 1: a capacidade profunda da onda. | E8: Trabalhei nesta parte hoje
A9: 21h00–21h50 | B9: Dias úteis | C9: 50 min | D9: Sessão 2: uma capacidade sólida da onda (alterne entre elas). | E9: Trabalhei nesta parte hoje
A10: 21h50–22h30 | B10: Dias úteis | C10: 40 min | D10: Colar cartões, fechar mini-projeto pendente, olhar o que vem amanhã. | E10: Colar cartão / Marcar como concluída
A11: Manhã | B11: Sábado e domingo | C11: 3 sessões | D11: Capacidades da onda e mini-projetos. | E11: Trabalhei nesta parte hoje
A12: Tarde | B12: Sábado e domingo | C12: 3 sessões | D12: Projeto integrador da onda; 1 sessão para o marco de inglês do mês. | E12: Projetos / English
A13: Fim da tarde de domingo | B13: Semanal | C13: 30 min | D13: Revisão da semana: partes atrasadas, prazo pelas partes, conquistas, próxima da fila. | E13: Usar este prazo / Começar agora
A15: Capacidade semanal estimada: 10 sessões nas noites úteis + 12 no fim de semana = 22 (aba Premissas).
A16: Leitura pessoal: 2 sessões no domingo à tarde, a partir de 06/11/2026 (aba Capacidades pessoais). Elas saem das 22 sessões por semana depois que Git termina.
A17: Exercício (calistenia) e caminhada de domingo: ficam nas tarefas diárias, com o plano da semana em Exercício físico.

Sheet Inglês — marcos
A1: Inglês: marcos mensais
A3: # | B3: Data | C3: Marco | D3: Como provar
A4: 1 | B4: 46326 | C4: 30-day listening streak | D4: 30-day streak on the daily Listening task.
A5: 2 | B5: 46356 | C5: Read the pandas "Getting started" docs without a translator | D5: Summarize, without a translator, what each section teaches.
A6: 3 | B6: 46387 | C6: Watch a 20-minute tech talk with English subtitles | D6: A 5-sentence summary in English of what was said.
A7: 4 | B7: 46418 | C7: Write an English README for one of my projects | D7: README published on GitHub, reviewed by AI.
A8: 5 | B8: 46446 | C8: Explain a whole chapter out loud, in English, right after reading it | D8: A 3-minute recording without notes.
A9: 6 | B9: 46477 | C9: Watch a 30-minute tech talk without subtitles | D9: A 2-minute spoken summary, recorded.
A10: 7 | B10: 46507 | C10: Explain one of my projects in 5 minutes | D10: A recording without reading a script.
A11: 8 | B11: 46538 | C11: Write a ~500-word technical post | D11: Post published (LinkedIn, blog or GitHub).
A12: 9 | B12: 46568 | C12: Hold a 20-minute voice conversation with AI on a technical topic | D12: No long pauses and no switching to Portuguese.
A13: 10 | B13: 46599 | C13: Simulate a client meeting: pitch a data project proposal | D13: A 10-minute recording.
A14: 11 | B14: 46630 | C14: Join a technical discussion in English | D14: A comment on an issue or pull request in a public repository.
A15: 12 | B15: 46660 | C15: Present a full case study in English | D15: A 10-minute recorded presentation.

Sheet Projetos integradores
A1: Projetos integradores (portfólio para prestar serviço)
A3: Onda | B3: Projeto | C3: Integra | D3: Entrega | E3: Prazo
A4: 1 | B4: Sales Statistical Diagnosis | C4: Statistics, SQL, Python | D4: Relatório com consultas SQL e testes de hipótese (ex.: conversão de orçamentos em vendas por bloco). | E4: 46387
A5: 2 | B5: Stockout Analysis for the Board | C5: Advanced EDA, Mathematics, Data Visualization, Data Storytelling | D5: EDA completa + apresentação de 10 slides com recomendação. | E5: 46481
A6: 3 | B6: AI Assistant for the Data Documentation (RAG) | C6: AI Engineering, Data Engineering and Governance, Prompt Engineering | D6: App que responde perguntas sobre as bases a partir das descrições (RAG), com rotina de atualização. | E6: 46572
A7: 4 | B7: Demand or Stockout Forecasting in Production | C7: ML Engineering, System Design | D7: Modelo treinado, servido e monitorado, com o desenho da arquitetura. | E7: 46663
A9: Use dados agregados ou anonimizados; nada de dados pessoais de pacientes em portfólio.

Sheet Capacidades pessoais
A1: Capacidades pessoais (leitura com aplicação na vida real)
A2: Azul = valores para você ajustar. 2 sessões por semana, no domingo à tarde. Uma de cada vez; a próxima começa quando a anterior termina.
A4: Ordem | B4: Capacidade | C4: Área | D4: Profundidade | E4: Partes estimadas | F4: Sessões por semana | G4: Início | H4: Semanas estimadas | I4: Prazo estimado | J4: Fonte | K4: Por que nesta posição | L4: Prática
A5: 1 | B5: How to Win Friends and Influence People | C5: Pessoal | D5: Sólido | E5: 20 | F5: 2 | G5: 46332 | H5: =ROUNDUP(E5*IF(D5="Profundo",Premissas!$B$4,Premissas!$B$5)/F5,0) | I5: =G5+H5*7 | J5: Book: How to Win Friends and Influence People (Dale Carnegie), Portuguese edition: Como Fazer Amigos e Influenciar Pessoas | K5: Capítulos curtos e práticos, com retorno imediato no trabalho com clientes e na vida pessoal. Começa quando Git termina e libera 3 sessões por semana. | L5: Um princípio por semana vira um experimento em conversas reais (trabalho, família, clientes).
A6: 2 | B6: The 7 Habits of Highly Effective People | C6: Pessoal | D6: Sólido | E6: 16 | F6: 2 | G6: 46419 | H6: =ROUNDUP(E6*IF(D6="Profundo",Premissas!$B$4,Premissas!$B$5)/F6,0) | I6: =G6+H6*7 | J6: Book: The 7 Habits of Highly Effective People (Stephen R. Covey), Portuguese edition: Os 7 Hábitos das Pessoas Altamente Eficazes | K6: É cumulativo (vitória privada, depois pública) e conversa com o projeto de disciplina. Vem depois de Carnegie, que prepara os hábitos 4 a 6. | L6: Um hábito vira uma regra pessoal de 7 dias, anotada no app como tarefa diária.
A7: 3 | B7: Mere Christianity | C7: Pessoal | D7: Conceitual | E7: 15 | F7: 2 | G7: 46489 | H7: =ROUNDUP(E7*IF(D7="Profundo",Premissas!$B$4,Premissas!$B$5)/F7,0) | I7: =G7+H7*7 | J7: Book: Mere Christianity (C. S. Lewis), Portuguese edition: Cristianismo Puro e Simples | K7: É o mais longo e o menos urgente; lê-se melhor com calma, aos domingos. Pode ir para o início se for prioridade para você. | L7: Cada parte termina com uma pergunta para refletir ou conversar; sem dados, sem scripts.
